local_file	url	retrieved_date	sha256	bytes
html/thread-44847741.html	https://news.ycombinator.com/item?id=44847741	2026-09-12	b4fa8247adbf075fc62d4e74e549b838a1b34f9140c20a86d114b86ece91b6d6	371318
html/thread-46207505.html	https://news.ycombinator.com/item?id=46207505	2026-09-12	748bf581970cbc692c0df70952b415cb6803d52e4e16cf25a518be0ded0eecfe	935181
html/thread-47006615.html	https://news.ycombinator.com/item?id=47006615	2026-09-12	736db5612d89df33bbeb1743ffb8c9c1aaa92da5d7780fa4ed5c84616188e36a	535202
html/thread-47394022.html	https://news.ycombinator.com/item?id=47394022	2026-09-12	9d7026b9a448cbc3218eaf10ca456731c1e09731a439defd8e02b52f1084af00	818159
html/thread-48037128.html	https://news.ycombinator.com/item?id=48037128	2026-09-12	3be29700bbd6eef72f514c35ee600a69b3719c4376f944e66d5d5ba512ad714f	1361548
html/thread-48398925.html	https://news.ycombinator.com/item?id=48398925	2026-09-12	1a21b0f035c79f50f297256d0e6689965d6efab7c2da4f6a07253157ac015aab	157595
html/thread-48433351.html	https://news.ycombinator.com/item?id=48433351	2026-09-12	fb25a6350ceace651bdff3edffe47f3b21706fcf8a851f9ed0e45c456c366fa1	87163
api/item-44847741.json	https://hacker-news.firebaseio.com/v0/item/44847741.json	2026-09-12	d275ffb9da8e4a9e73c61e44b392febfe6d3d498a48dc677fda764ea56d09bc0	622
api/item-44850796.json	https://hacker-news.firebaseio.com/v0/item/44850796.json	2026-09-12	a031edd9dcca5520bf8c31cc74a616e3fd108c651af5ca7058c08fa4510b8828	531
api/item-44851009.json	https://hacker-news.firebaseio.com/v0/item/44851009.json	2026-09-12	fed7a2fbf403112a2e06ac394a002475bc768a32e016cefd775276539f95c3f6	653
api/item-44862828.json	https://hacker-news.firebaseio.com/v0/item/44862828.json	2026-09-12	b258cdd7390fbea4513c311bd64d5b05bd9b3b6488dcf83fec7e01df3e584600	476
api/item-46207505.json	https://hacker-news.firebaseio.com/v0/item/46207505.json	2026-09-12	b455d4af164a476ef7212b6aa781a998e6a772b38ce8bb1f4b788bfdeb1eb1df	1803
api/item-46209005.json	https://hacker-news.firebaseio.com/v0/item/46209005.json	2026-09-12	8d3b77a6a97464ab7d4cf76d58952ca1a4351dac0f819e0544fabeb2654852d7	536
api/item-46210555.json	https://hacker-news.firebaseio.com/v0/item/46210555.json	2026-09-12	1a5bce27f88763136c892bec3e40f943dac44c63e36ff1a6a6b04023b1f13f7c	392
api/item-47006615.json	https://hacker-news.firebaseio.com/v0/item/47006615.json	2026-09-12	8544d8cf4117d8e6d6bd1304d1906fd7e9239cd4597692d470111b7d7bc3ef6c	674
api/item-47023947.json	https://hacker-news.firebaseio.com/v0/item/47023947.json	2026-09-12	775372be9c3b24788b1ad1e987ce702acbdd1044d0da14c8a6e4d5576ef7db03	598
api/item-47024089.json	https://hacker-news.firebaseio.com/v0/item/47024089.json	2026-09-12	148c28d55d6986cc0137137a25ef9420a21586f4faa30570fb136cb6fa79d060	1066
api/item-47024241.json	https://hacker-news.firebaseio.com/v0/item/47024241.json	2026-09-12	2146e8baf4a65af9d985785146f20deb0950fef06d213a05da5c36d296722ca4	601
api/item-47394022.json	https://hacker-news.firebaseio.com/v0/item/47394022.json	2026-09-12	8a88a5841cabf74070c18cf63f75c2247771484b13e55893d537d05b4cbf4fa6	864
api/item-47395918.json	https://hacker-news.firebaseio.com/v0/item/47395918.json	2026-09-12	e19fef6c97d9a67a4b22118316004f4fdd3fe07a11956ec4bfe699cf9373e2f9	2871
api/item-47397738.json	https://hacker-news.firebaseio.com/v0/item/47397738.json	2026-09-12	c0dddadbffaf1c838cb4d3f683798104f8dd62adea4145f4bf6835ccd47417bb	1495
api/item-47398092.json	https://hacker-news.firebaseio.com/v0/item/47398092.json	2026-09-12	65a06bb2fbbc0e360d5479e7aab34d526177f4498525de62a03e2fb98298cafd	1557
api/item-48037128.json	https://hacker-news.firebaseio.com/v0/item/48037128.json	2026-09-12	50d2ba0c46224ecfb51dca5fbb1e1e8e6eb28d54fe0e00dae1ecc17d0450cf16	1448
api/item-48042956.json	https://hacker-news.firebaseio.com/v0/item/48042956.json	2026-09-12	f380c7c99d3ea67f6cce0c4e10b69fc03050de2f70c9db7c4a7754365dbb1228	611
api/item-48043255.json	https://hacker-news.firebaseio.com/v0/item/48043255.json	2026-09-12	ecdba30e4c6bd644877b664c289060c7a958b37097364ba78cd6f85f1db91b4e	1161
api/item-48043503.json	https://hacker-news.firebaseio.com/v0/item/48043503.json	2026-09-12	00f739f8939d44a7406f2cdfb1ba35a6783531f27b646dd294a9bb0b6fc103a4	573
api/item-48044507.json	https://hacker-news.firebaseio.com/v0/item/48044507.json	2026-09-12	f73835f447a788f879ebb274aea07a6ad8f4694d1444f199ec7a66d995437992	850
api/item-48045446.json	https://hacker-news.firebaseio.com/v0/item/48045446.json	2026-09-12	0ec8aec5adc32f7800bf7db3cf7a549604643a8a2af81989646355944df27807	649
api/item-48398925.json	https://hacker-news.firebaseio.com/v0/item/48398925.json	2026-09-12	bb7ff4a9cceae9e36a1c5e237d540fc892dbb7fda038a9250e8183a73e6e2263	470
api/item-48421524.json	https://hacker-news.firebaseio.com/v0/item/48421524.json	2026-09-12	c43b9a351dbde431d42d2414a9d835f07ab372d4bfac85f6b4a5f5c18d412a77	741
api/item-48423792.json	https://hacker-news.firebaseio.com/v0/item/48423792.json	2026-09-12	6b0658f468b7a9dbff6c7fcbac5b9be890f905e83ca8c239d135b8a1e558ce6b	1031
api/item-48428075.json	https://hacker-news.firebaseio.com/v0/item/48428075.json	2026-09-12	392fb9fc44c4b1a7e23085b23789ba820723aa6579a97617ad842c10650ed2ad	657
api/item-48433351.json	https://hacker-news.firebaseio.com/v0/item/48433351.json	2026-09-12	23221120777ef5c0cec509aaa4a2a7a7cd75f9494f3e1f8f0920a0f362256fdb	315
api/item-48493898.json	https://hacker-news.firebaseio.com/v0/item/48493898.json	2026-09-12	3560eda54c351857a93b2184a373c871957190b482fbaf6cd531a20a8a8ad196	482
api/item-48494558.json	https://hacker-news.firebaseio.com/v0/item/48494558.json	2026-09-12	9767edd0361c9dba7ea653f0725ccf40a47e78add11f2bc07c56e5c52b9271b4	450
api/item-48495357.json	https://hacker-news.firebaseio.com/v0/item/48495357.json	2026-09-12	6805765cf83cef1a9a26f37b464e533e3bfd7b62759e80c36e8616ea2fc0aa70	233
api/item-48495660.json	https://hacker-news.firebaseio.com/v0/item/48495660.json	2026-09-12	0921b7561257bbb98a1d6ae06ea8b26d0ddc67bd06395dabd649a83ef55efaf9	263
